id,name,model_id:id,group_id:id,perm_read,perm_write,perm_create,perm_unlink
access_hr_employee_tenenet_base_self,hr.employee.tenenet.base.self,hr.model_hr_employee,base.group_user,1,1,0,0
access_tenenet_alert_rule_manager,tenenet.alert.rule.manager,model_tenenet_alert_rule,tenenet_projects.group_tenenet_manager,1,1,1,1
access_tenenet_alert_condition_manager,tenenet.alert.condition.manager,model_tenenet_alert_condition,tenenet_projects.group_tenenet_manager,1,1,1,1
access_tenenet_alert_condition_wizard_manager,tenenet.alert.condition.wizard.manager,model_tenenet_alert_condition_wizard,tenenet_projects.group_tenenet_manager,1,1,1,1
access_tenenet_alert_allowed_model_manager,tenenet.alert.allowed.model.manager,model_tenenet_alert_allowed_model,tenenet_projects.group_tenenet_manager,1,1,1,1
access_tenenet_alert_match_manager,tenenet.alert.match.manager,model_tenenet_alert_match,tenenet_projects.group_tenenet_manager,1,1,1,1
access_tenenet_organizational_unit_user,tenenet.organizational.unit.user,model_tenenet_organizational_unit,tenenet_projects.group_tenenet_user,1,0,0,0
access_tenenet_organizational_unit_base_user,tenenet.organizational.unit.base.user,model_tenenet_organizational_unit,base.group_user,1,0,0,0
access_tenenet_organizational_unit_garant_pm,tenenet.organizational.unit.garant.pm,model_tenenet_organizational_unit,tenenet_projects.group_tenenet_garant_pm,1,0,0,0
access_tenenet_organizational_unit_manager,tenenet.organizational.unit.manager,model_tenenet_organizational_unit,tenenet_projects.group_tenenet_manager,1,1,1,1
access_tenenet_program_user,tenenet.program.user,model_tenenet_program,tenenet_projects.group_tenenet_user,1,0,0,0
access_tenenet_program_base_user,tenenet.program.base.user,model_tenenet_program,base.group_user,1,0,0,0
access_tenenet_program_garant_pm,tenenet.program.garant.pm,model_tenenet_program,tenenet_projects.group_tenenet_garant_pm,1,0,0,0
access_tenenet_program_manager,tenenet.program.manager,model_tenenet_program,tenenet_projects.group_tenenet_manager,1,1,1,1
access_tenenet_project_site_user,tenenet.project.site.user,model_tenenet_project_site,tenenet_projects.group_tenenet_user,1,0,0,0
access_tenenet_project_site_base_user,tenenet.project.site.base.user,model_tenenet_project_site,base.group_user,1,0,0,0
access_tenenet_project_site_garant_pm,tenenet.project.site.garant.pm,model_tenenet_project_site,tenenet_projects.group_tenenet_garant_pm,1,0,0,0
access_tenenet_project_site_manager,tenenet.project.site.manager,model_tenenet_project_site,tenenet_projects.group_tenenet_manager,1,1,1,1
access_tenenet_project_contact_user,tenenet.project.contact.user,model_tenenet_project_contact,tenenet_projects.group_tenenet_user,1,0,0,0
access_tenenet_project_contact_garant_pm,tenenet.project.contact.garant.pm,model_tenenet_project_contact,tenenet_projects.group_tenenet_garant_pm,1,0,0,0
access_tenenet_project_contact_manager,tenenet.project.contact.manager,model_tenenet_project_contact,tenenet_projects.group_tenenet_manager,1,1,1,1
access_tenenet_donor_user,tenenet.donor.user,model_tenenet_donor,tenenet_projects.group_tenenet_user,1,0,0,0
access_tenenet_donor_garant_pm,tenenet.donor.garant.pm,model_tenenet_donor,tenenet_projects.group_tenenet_garant_pm,1,0,0,0
access_tenenet_donor_manager,tenenet.donor.manager,model_tenenet_donor,tenenet_projects.group_tenenet_manager,1,1,1,1
access_tenenet_project_user,tenenet.project.user,model_tenenet_project,tenenet_projects.group_tenenet_user,1,0,0,0
access_tenenet_project_employee_card_base_user,tenenet.project.employee.card.base.user,model_tenenet_project,base.group_user,1,0,0,0
access_tenenet_project_employee_card_hr_manager,tenenet.project.employee.card.hr.manager,model_tenenet_project,hr.group_hr_manager,1,0,0,0
access_tenenet_project_garant_pm,tenenet.project.garant.pm,model_tenenet_project,tenenet_projects.group_tenenet_garant_pm,1,1,0,0
access_tenenet_project_manager,tenenet.project.manager,model_tenenet_project,tenenet_projects.group_tenenet_manager,1,1,1,1
access_tenenet_project_milestone_user,tenenet.project.milestone.user,model_tenenet_project_milestone,tenenet_projects.group_tenenet_user,1,0,0,0
access_tenenet_project_milestone_garant,tenenet.project.milestone.garant,model_tenenet_project_milestone,tenenet_projects.group_tenenet_garant_pm,1,1,1,1
access_tenenet_project_milestone_manager,tenenet.project.milestone.manager,model_tenenet_project_milestone,tenenet_projects.group_tenenet_manager,1,1,1,1
access_tenenet_project_milestone_wizard_garant,tenenet.project.milestone.wizard.garant,model_tenenet_project_milestone_wizard,tenenet_projects.group_tenenet_garant_pm,1,1,1,1
access_tenenet_project_milestone_wizard_manager,tenenet.project.milestone.wizard.manager,model_tenenet_project_milestone_wizard,tenenet_projects.group_tenenet_manager,1,1,1,1
access_tenenet_project_allowed_expense_type_user,tenenet.project.allowed.expense.type.user,model_tenenet_project_allowed_expense_type,tenenet_projects.group_tenenet_user,1,0,0,0
access_tenenet_project_allowed_expense_type_garant_pm,tenenet.project.allowed.expense.type.garant.pm,model_tenenet_project_allowed_expense_type,tenenet_projects.group_tenenet_garant_pm,1,0,0,0
access_tenenet_project_allowed_expense_type_manager,tenenet.project.allowed.expense.type.manager,model_tenenet_project_allowed_expense_type,tenenet_projects.group_tenenet_manager,1,1,1,1
access_tenenet_project_expense_user,tenenet.project.expense.user,model_tenenet_project_expense,tenenet_projects.group_tenenet_user,1,0,0,0
access_tenenet_project_expense_garant_pm,tenenet.project.expense.garant.pm,model_tenenet_project_expense,tenenet_projects.group_tenenet_garant_pm,1,0,0,0
access_tenenet_project_expense_manager,tenenet.project.expense.manager,model_tenenet_project_expense,tenenet_projects.group_tenenet_manager,1,1,1,1
access_tenenet_project_cashflow_user,tenenet.project.cashflow.user,model_tenenet_project_cashflow,tenenet_projects.group_tenenet_user,1,0,0,0
access_tenenet_project_cashflow_garant_pm,tenenet.project.cashflow.garant.pm,model_tenenet_project_cashflow,tenenet_projects.group_tenenet_garant_pm,1,0,0,0
access_tenenet_project_cashflow_manager,tenenet.project.cashflow.manager,model_tenenet_project_cashflow,tenenet_projects.group_tenenet_manager,1,1,1,1
access_tenenet_project_finance_monthly_line_user,tenenet.project.finance.monthly.line.user,model_tenenet_project_finance_monthly_line,tenenet_projects.group_tenenet_user,1,0,0,0
access_tenenet_project_finance_monthly_line_garant_pm,tenenet.project.finance.monthly.line.garant.pm,model_tenenet_project_finance_monthly_line,tenenet_projects.group_tenenet_garant_pm,1,0,0,0
access_tenenet_project_finance_monthly_line_manager,tenenet.project.finance.monthly.line.manager,model_tenenet_project_finance_monthly_line,tenenet_projects.group_tenenet_manager,1,0,0,0
access_tenenet_cashflow_global_override_user,tenenet.cashflow.global.override.user,model_tenenet_cashflow_global_override,tenenet_projects.group_tenenet_user,1,0,0,0
access_tenenet_cashflow_global_override_manager,tenenet.cashflow.global.override.manager,model_tenenet_cashflow_global_override,tenenet_projects.group_tenenet_manager,1,1,1,1
access_tenenet_pl_program_override_user,tenenet.pl.program.override.user,model_tenenet_pl_program_override,tenenet_projects.group_tenenet_user,1,0,0,0
access_tenenet_pl_program_override_manager,tenenet.pl.program.override.manager,model_tenenet_pl_program_override,tenenet_projects.group_tenenet_manager,1,1,1,1
access_tenenet_project_allowed_expense_type_wizard_manager,tenenet.project.allowed.expense.type.wizard.manager,model_tenenet_project_allowed_expense_type_wizard,tenenet_projects.group_tenenet_manager,1,1,1,1
access_tenenet_project_receipt_wizard_manager,tenenet.project.receipt.wizard.manager,model_tenenet_project_receipt_wizard,tenenet_projects.group_tenenet_manager,1,1,1,1
access_tenenet_project_cashflow_distribute_wizard_manager,tenenet.project.cashflow.distribute.wizard.manager,model_tenenet_project_cashflow_distribute_wizard,tenenet_projects.group_tenenet_manager,1,1,1,1
access_tenenet_expense_type_config_user,tenenet.expense.type.config.user,model_tenenet_expense_type_config,tenenet_projects.group_tenenet_user,1,0,0,0
access_tenenet_expense_type_config_garant_pm,tenenet.expense.type.config.garant.pm,model_tenenet_expense_type_config,tenenet_projects.group_tenenet_garant_pm,1,0,0,0
access_tenenet_expense_type_config_manager,tenenet.expense.type.config.manager,model_tenenet_expense_type_config,tenenet_projects.group_tenenet_manager,1,1,1,1
access_tenenet_expense_type_config_category_user,tenenet.expense.type.config.category.user,model_tenenet_expense_type_config_category,tenenet_projects.group_tenenet_user,1,0,0,0
access_tenenet_expense_type_config_category_garant_pm,tenenet.expense.type.config.category.garant.pm,model_tenenet_expense_type_config_category,tenenet_projects.group_tenenet_garant_pm,1,0,0,0
access_tenenet_expense_type_config_category_manager,tenenet.expense.type.config.category.manager,model_tenenet_expense_type_config_category,tenenet_projects.group_tenenet_manager,1,1,1,1
access_tenenet_project_receipt_user,tenenet.project.receipt.user,model_tenenet_project_receipt,tenenet_projects.group_tenenet_user,1,0,0,0
access_tenenet_project_receipt_garant_pm,tenenet.project.receipt.garant.pm,model_tenenet_project_receipt,tenenet_projects.group_tenenet_garant_pm,1,0,0,0
access_tenenet_project_receipt_manager,tenenet.project.receipt.manager,model_tenenet_project_receipt,tenenet_projects.group_tenenet_manager,1,1,1,1
access_tenenet_program_sales_entry_user,tenenet.program.sales.entry.user,model_tenenet_program_sales_entry,tenenet_projects.group_tenenet_user,1,0,0,0
access_tenenet_program_sales_entry_manager,tenenet.program.sales.entry.manager,model_tenenet_program_sales_entry,tenenet_projects.group_tenenet_manager,1,1,1,1
access_tenenet_fundraising_campaign_user,tenenet.fundraising.campaign.user,model_tenenet_fundraising_campaign,tenenet_projects.group_tenenet_user,1,0,0,0
access_tenenet_fundraising_campaign_manager,tenenet.fundraising.campaign.manager,model_tenenet_fundraising_campaign,tenenet_projects.group_tenenet_manager,1,1,1,1
access_tenenet_fundraising_entry_user,tenenet.fundraising.entry.user,model_tenenet_fundraising_entry,tenenet_projects.group_tenenet_user,1,0,0,0
access_tenenet_fundraising_entry_manager,tenenet.fundraising.entry.manager,model_tenenet_fundraising_entry,tenenet_projects.group_tenenet_manager,1,1,1,1
access_tenenet_operating_cost_pool_user,tenenet.operating.cost.pool.user,model_tenenet_operating_cost_pool,tenenet_projects.group_tenenet_user,1,0,0,0
access_tenenet_operating_cost_pool_manager,tenenet.operating.cost.pool.manager,model_tenenet_operating_cost_pool,tenenet_projects.group_tenenet_manager,1,1,1,1
access_tenenet_operating_cost_allocation_user,tenenet.operating.cost.allocation.user,model_tenenet_operating_cost_allocation,tenenet_projects.group_tenenet_user,1,0,0,0
access_tenenet_operating_cost_allocation_manager,tenenet.operating.cost.allocation.manager,model_tenenet_operating_cost_allocation,tenenet_projects.group_tenenet_manager,1,1,1,1
access_tenenet_project_budget_line_user,tenenet.project.budget.line.user,model_tenenet_project_budget_line,tenenet_projects.group_tenenet_user,1,0,0,0
access_tenenet_project_budget_line_garant_pm,tenenet.project.budget.line.garant.pm,model_tenenet_project_budget_line,tenenet_projects.group_tenenet_garant_pm,1,0,0,0
access_tenenet_project_budget_line_manager,tenenet.project.budget.line.manager,model_tenenet_project_budget_line,tenenet_projects.group_tenenet_manager,1,1,1,1
access_tenenet_project_budget_line_month_user,tenenet.project.budget.line.month.user,model_tenenet_project_budget_line_month,tenenet_projects.group_tenenet_user,1,0,0,0
access_tenenet_project_budget_line_month_garant_pm,tenenet.project.budget.line.month.garant.pm,model_tenenet_project_budget_line_month,tenenet_projects.group_tenenet_garant_pm,1,0,0,0
access_tenenet_project_budget_line_month_manager,tenenet.project.budget.line.month.manager,model_tenenet_project_budget_line_month,tenenet_projects.group_tenenet_manager,1,1,1,1
access_tenenet_project_budget_wizard_user,tenenet.project.budget.wizard.user,model_tenenet_project_budget_wizard,tenenet_projects.group_tenenet_user,1,0,0,0
access_tenenet_project_budget_wizard_manager,tenenet.project.budget.wizard.manager,model_tenenet_project_budget_wizard,tenenet_projects.group_tenenet_manager,1,1,1,1
access_tenenet_allocation_user,tenenet.employee.allocation.user,model_tenenet_employee_allocation,tenenet_projects.group_tenenet_user,1,0,0,0
access_tenenet_allocation_manager,tenenet.employee.allocation.manager,model_tenenet_employee_allocation,tenenet_projects.group_tenenet_manager,1,1,1,1
access_tenenet_utilization_user,tenenet.utilization.user,model_tenenet_utilization,tenenet_projects.group_tenenet_user,1,0,0,0
access_tenenet_utilization_manager,tenenet.utilization.manager,model_tenenet_utilization,tenenet_projects.group_tenenet_manager,1,1,1,1
access_tenenet_pl_line_user,tenenet.pl.line.user,model_tenenet_pl_line,tenenet_projects.group_tenenet_user,1,0,0,0
access_tenenet_pl_line_manager,tenenet.pl.line.manager,model_tenenet_pl_line,tenenet_projects.group_tenenet_manager,1,1,1,1
access_tenenet_project_assignment_user,tenenet.project.assignment.user,model_tenenet_project_assignment,tenenet_projects.group_tenenet_user,1,0,0,0
access_tenenet_project_assignment_employee_card_base_user,tenenet.project.assignment.employee.card.base.user,model_tenenet_project_assignment,base.group_user,1,0,0,0
access_tenenet_project_assignment_hr_manager,tenenet.project.assignment.hr.manager,model_tenenet_project_assignment,hr.group_hr_manager,1,1,1,1
access_tenenet_project_assignment_garant_pm,tenenet.project.assignment.garant.pm,model_tenenet_project_assignment,tenenet_projects.group_tenenet_garant_pm,1,0,0,0
access_tenenet_project_assignment_manager,tenenet.project.assignment.manager,model_tenenet_project_assignment,tenenet_projects.group_tenenet_manager,1,1,1,1
access_tenenet_project_assignment_ratio_month_user,tenenet.project.assignment.ratio.month.user,model_tenenet_project_assignment_ratio_month,tenenet_projects.group_tenenet_user,1,0,0,0
access_tenenet_project_assignment_ratio_month_garant_pm,tenenet.project.assignment.ratio.month.garant.pm,model_tenenet_project_assignment_ratio_month,tenenet_projects.group_tenenet_garant_pm,1,0,0,0
access_tenenet_project_assignment_ratio_month_hr_manager,tenenet.project.assignment.ratio.month.hr.manager,model_tenenet_project_assignment_ratio_month,hr.group_hr_manager,1,1,1,1
access_tenenet_project_assignment_ratio_month_manager,tenenet.project.assignment.ratio.month.manager,model_tenenet_project_assignment_ratio_month,tenenet_projects.group_tenenet_manager,1,1,1,1
access_tenenet_employee_asset_type_user,tenenet.employee.asset.type.user,model_tenenet_employee_asset_type,tenenet_projects.group_tenenet_user,1,0,0,0
access_tenenet_employee_asset_type_base_user,tenenet.employee.asset.type.base.user,model_tenenet_employee_asset_type,base.group_user,1,0,0,0
access_tenenet_employee_asset_type_hr_manager,tenenet.employee.asset.type.hr.manager,model_tenenet_employee_asset_type,hr.group_hr_manager,1,1,1,1
access_tenenet_employee_asset_type_manager,tenenet.employee.asset.type.manager,model_tenenet_employee_asset_type,tenenet_projects.group_tenenet_manager,1,1,1,1
access_tenenet_employee_asset_handover_user,tenenet.employee.asset.handover.user,model_tenenet_employee_asset_handover,tenenet_projects.group_tenenet_user,1,0,0,0
access_tenenet_employee_asset_handover_employee_card_base_user,tenenet.employee.asset.handover.employee.card.base.user,model_tenenet_employee_asset_handover,base.group_user,1,0,0,0
access_tenenet_employee_asset_handover_hr_manager,tenenet.employee.asset.handover.hr.manager,model_tenenet_employee_asset_handover,hr.group_hr_manager,1,1,1,1
access_tenenet_employee_asset_handover_manager,tenenet.employee.asset.handover.manager,model_tenenet_employee_asset_handover,tenenet_projects.group_tenenet_manager,1,1,1,1
access_tenenet_employee_asset_user,tenenet.employee.asset.user,model_tenenet_employee_asset,tenenet_projects.group_tenenet_user,1,0,0,0
access_tenenet_employee_asset_employee_card_base_user,tenenet.employee.asset.employee.card.base.user,model_tenenet_employee_asset,base.group_user,1,0,0,0
access_tenenet_employee_asset_hr_manager,tenenet.employee.asset.hr.manager,model_tenenet_employee_asset,hr.group_hr_manager,1,1,1,1
access_tenenet_employee_asset_manager,tenenet.employee.asset.manager,model_tenenet_employee_asset,tenenet_projects.group_tenenet_manager,1,1,1,1
access_tenenet_employee_asset_handover_wizard_manager,tenenet.employee.asset.handover.wizard.manager,model_tenenet_employee_asset_handover_wizard,tenenet_projects.group_tenenet_manager,1,1,1,1
access_tenenet_employee_asset_handover_wizard_line_manager,tenenet.employee.asset.handover.wizard.line.manager,model_tenenet_employee_asset_handover_wizard_line,tenenet_projects.group_tenenet_manager,1,1,1,1
access_tenenet_employee_site_key_user,tenenet.employee.site.key.user,model_tenenet_employee_site_key,tenenet_projects.group_tenenet_user,1,0,0,0
access_tenenet_employee_site_key_employee_card_base_user,tenenet.employee.site.key.employee.card.base.user,model_tenenet_employee_site_key,base.group_user,1,0,0,0
access_tenenet_employee_site_key_hr_manager,tenenet.employee.site.key.hr.manager,model_tenenet_employee_site_key,hr.group_hr_manager,1,1,1,1
access_tenenet_employee_site_key_manager,tenenet.employee.site.key.manager,model_tenenet_employee_site_key,tenenet_projects.group_tenenet_manager,1,1,1,1
access_tenenet_employee_training_user,tenenet.employee.training.user,model_tenenet_employee_training,tenenet_projects.group_tenenet_user,1,0,0,0
access_tenenet_employee_training_employee_card_base_user,tenenet.employee.training.employee.card.base.user,model_tenenet_employee_training,base.group_user,1,0,0,0
access_tenenet_employee_training_hr_manager,tenenet.employee.training.hr.manager,model_tenenet_employee_training,hr.group_hr_manager,1,1,1,1
access_tenenet_employee_training_manager,tenenet.employee.training.manager,model_tenenet_employee_training,tenenet_projects.group_tenenet_manager,1,1,1,1
access_tenenet_service_catalog_hr_user,tenenet.service.catalog.hr.user,model_tenenet_service_catalog,hr.group_hr_user,1,1,1,1
access_tenenet_service_catalog_hr_manager,tenenet.service.catalog.hr.manager,model_tenenet_service_catalog,hr.group_hr_manager,1,1,1,1
access_tenenet_service_catalog_base_user,tenenet.service.catalog.base.user,model_tenenet_service_catalog,base.group_user,1,0,0,0
access_tenenet_employee_service_hr_user,tenenet.employee.service.hr.user,model_tenenet_employee_service,hr.group_hr_user,1,0,0,0
access_tenenet_employee_service_hr_manager,tenenet.employee.service.hr.manager,model_tenenet_employee_service,hr.group_hr_manager,1,1,1,1
access_tenenet_employee_service_base_user,tenenet.employee.service.base.user,model_tenenet_employee_service,base.group_user,1,0,0,0
access_tenenet_employee_evaluation_user,tenenet.employee.evaluation.user,model_tenenet_employee_evaluation,base.group_user,1,0,0,0
access_tenenet_employee_evaluation_hr_manager,tenenet.employee.evaluation.hr.manager,model_tenenet_employee_evaluation,hr.group_hr_manager,1,1,1,1
access_tenenet_employee_weekly_workplace_user,tenenet.employee.weekly.workplace.user,model_tenenet_employee_weekly_workplace,base.group_user,1,1,1,1
access_tenenet_employee_weekly_workplace_hr_manager,tenenet.employee.weekly.workplace.hr.manager,model_tenenet_employee_weekly_workplace,hr.group_hr_manager,1,1,1,1
access_tenenet_employee_update_request_wizard_user,tenenet.employee.update.request.wizard.user,model_tenenet_employee_update_request_wizard,base.group_user,1,1,1,0
access_tenenet_wage_table_base_user,tenenet.wage.table.base.user,model_tenenet_wage_table,base.group_user,1,0,0,0
access_tenenet_wage_table_hr_user,tenenet.wage.table.hr.user,model_tenenet_wage_table,hr.group_hr_user,1,1,1,1
access_tenenet_wage_table_hr_manager,tenenet.wage.table.hr.manager,model_tenenet_wage_table,hr.group_hr_manager,1,1,1,1
access_tenenet_wage_table_line_base_user,tenenet.wage.table.line.base.user,model_tenenet_wage_table_line,base.group_user,1,0,0,0
access_tenenet_wage_table_line_hr_user,tenenet.wage.table.line.hr.user,model_tenenet_wage_table_line,hr.group_hr_user,1,1,1,1
access_tenenet_wage_table_line_hr_manager,tenenet.wage.table.line.hr.manager,model_tenenet_wage_table_line,hr.group_hr_manager,1,1,1,1
access_tenenet_hr_job_legal_wage_map_base_user,tenenet.hr.job.legal.wage.map.base.user,model_tenenet_hr_job_legal_wage_map,base.group_user,1,0,0,0
access_tenenet_hr_job_legal_wage_map_hr_user,tenenet.hr.job.legal.wage.map.hr.user,model_tenenet_hr_job_legal_wage_map,hr.group_hr_user,1,1,1,1
access_tenenet_hr_job_legal_wage_map_hr_manager,tenenet.hr.job.legal.wage.map.hr.manager,model_tenenet_hr_job_legal_wage_map,hr.group_hr_manager,1,1,1,1
access_tenenet_employee_wage_override_base_user,tenenet.employee.wage.override.base.user,model_tenenet_employee_wage_override,base.group_user,1,0,0,0
access_tenenet_employee_wage_override_hr_user,tenenet.employee.wage.override.hr.user,model_tenenet_employee_wage_override,hr.group_hr_user,1,1,1,1
access_tenenet_employee_wage_override_hr_manager,tenenet.employee.wage.override.hr.manager,model_tenenet_employee_wage_override,hr.group_hr_manager,1,1,1,1
access_tenenet_project_leave_rule_user,tenenet.project.leave.rule.user,model_tenenet_project_leave_rule,tenenet_projects.group_tenenet_user,1,0,0,0
access_tenenet_project_leave_rule_garant_pm,tenenet.project.leave.rule.garant.pm,model_tenenet_project_leave_rule,tenenet_projects.group_tenenet_garant_pm,1,0,0,0
access_tenenet_project_leave_rule_manager,tenenet.project.leave.rule.manager,model_tenenet_project_leave_rule,tenenet_projects.group_tenenet_manager,1,1,1,1
access_tenenet_project_timesheet_user,tenenet.project.timesheet.user,model_tenenet_project_timesheet,tenenet_projects.group_tenenet_user,1,1,1,0
access_tenenet_project_timesheet_garant_pm,tenenet.project.timesheet.garant.pm,model_tenenet_project_timesheet,tenenet_projects.group_tenenet_garant_pm,1,1,1,0
access_tenenet_project_timesheet_manager,tenenet.project.timesheet.manager,model_tenenet_project_timesheet,tenenet_projects.group_tenenet_manager,1,1,1,1
access_tenenet_project_timesheet_line_user,tenenet.project.timesheet.line.user,model_tenenet_project_timesheet_line,tenenet_projects.group_tenenet_user,1,1,1,0
access_tenenet_project_timesheet_line_garant_pm,tenenet.project.timesheet.line.garant.pm,model_tenenet_project_timesheet_line,tenenet_projects.group_tenenet_garant_pm,1,1,1,0
access_tenenet_project_timesheet_line_manager,tenenet.project.timesheet.line.manager,model_tenenet_project_timesheet_line,tenenet_projects.group_tenenet_manager,1,1,1,1
access_tenenet_project_timesheet_matrix_user,tenenet.project.timesheet.matrix.user,model_tenenet_project_timesheet_matrix,tenenet_projects.group_tenenet_user,1,1,1,0
access_tenenet_project_timesheet_matrix_garant_pm,tenenet.project.timesheet.matrix.garant.pm,model_tenenet_project_timesheet_matrix,tenenet_projects.group_tenenet_garant_pm,1,1,1,0
access_tenenet_project_timesheet_matrix_manager,tenenet.project.timesheet.matrix.manager,model_tenenet_project_timesheet_matrix,tenenet_projects.group_tenenet_manager,1,1,1,1
access_tenenet_project_timesheet_matrix_line_user,tenenet.project.timesheet.matrix.line.user,model_tenenet_project_timesheet_matrix_line,tenenet_projects.group_tenenet_user,1,1,1,0
access_tenenet_project_timesheet_matrix_line_garant_pm,tenenet.project.timesheet.matrix.line.garant.pm,model_tenenet_project_timesheet_matrix_line,tenenet_projects.group_tenenet_garant_pm,1,1,1,0
access_tenenet_project_timesheet_matrix_line_manager,tenenet.project.timesheet.matrix.line.manager,model_tenenet_project_timesheet_matrix_line,tenenet_projects.group_tenenet_manager,1,1,1,1
access_tenenet_project_timesheet_matrix_entry_user,tenenet.project.timesheet.matrix.entry.user,model_tenenet_project_timesheet_matrix_entry,tenenet_projects.group_tenenet_user,1,1,1,0
access_tenenet_project_timesheet_matrix_entry_garant_pm,tenenet.project.timesheet.matrix.entry.garant.pm,model_tenenet_project_timesheet_matrix_entry,tenenet_projects.group_tenenet_garant_pm,1,1,1,0
access_tenenet_project_timesheet_matrix_entry_manager,tenenet.project.timesheet.matrix.entry.manager,model_tenenet_project_timesheet_matrix_entry,tenenet_projects.group_tenenet_manager,1,1,1,1
access_tenenet_employee_tenenet_cost_user,tenenet.employee.tenenet.cost.user,model_tenenet_employee_tenenet_cost,tenenet_projects.group_tenenet_user,1,0,0,0
access_tenenet_employee_tenenet_cost_manager,tenenet.employee.tenenet.cost.manager,model_tenenet_employee_tenenet_cost,tenenet_projects.group_tenenet_manager,1,1,1,1
access_tenenet_project_leave_sync_entry_user,tenenet.project.leave.sync.entry.user,model_tenenet_project_leave_sync_entry,tenenet_projects.group_tenenet_user,1,0,0,0
access_tenenet_project_leave_sync_entry_manager,tenenet.project.leave.sync.entry.manager,model_tenenet_project_leave_sync_entry,tenenet_projects.group_tenenet_manager,1,1,1,1
access_tenenet_internal_expense_manager,tenenet.internal.expense.manager,model_tenenet_internal_expense,tenenet_projects.group_tenenet_manager,1,1,1,1
access_tenenet_utilization_sync_wizard_manager,tenenet.utilization.sync.wizard.manager,model_tenenet_utilization_sync_wizard,tenenet_projects.group_tenenet_manager,1,1,1,1
access_tenenet_project_assignment_wizard_user,tenenet.project.assignment.wizard.user,model_tenenet_project_assignment_wizard,tenenet_projects.group_tenenet_user,1,0,0,0
access_tenenet_project_assignment_wizard_manager,tenenet.project.assignment.wizard.manager,model_tenenet_project_assignment_wizard,tenenet_projects.group_tenenet_manager,1,1,1,1
access_tenenet_project_assignment_remove_wizard_user,tenenet.project.assignment.remove.wizard.user,model_tenenet_project_assignment_remove_wizard,tenenet_projects.group_tenenet_user,1,0,0,0
access_tenenet_project_assignment_remove_wizard_manager,tenenet.project.assignment.remove.wizard.manager,model_tenenet_project_assignment_remove_wizard,tenenet_projects.group_tenenet_manager,1,1,1,1
access_tenenet_project_site_wizard_user,tenenet.project.site.wizard.user,model_tenenet_project_site_wizard,tenenet_projects.group_tenenet_user,1,0,0,0
access_tenenet_project_site_wizard_manager,tenenet.project.site.wizard.manager,model_tenenet_project_site_wizard,tenenet_projects.group_tenenet_manager,1,1,1,1
access_tenenet_helpdesk_ticket_state_wizard_user,tenenet.helpdesk.ticket.state.wizard.user,model_tenenet_helpdesk_ticket_state_wizard,tenenet_projects.group_tenenet_helpdesk_user,1,1,1,1
access_tenenet_helpdesk_ticket_state_wizard_manager,tenenet.helpdesk.ticket.state.wizard.manager,model_tenenet_helpdesk_ticket_state_wizard,tenenet_projects.group_tenenet_helpdesk_manager,1,1,1,1
access_tenenet_helpdesk_mass_ticket_wizard_manager,tenenet.helpdesk.mass.ticket.wizard.manager,model_tenenet_helpdesk_mass_ticket_wizard,tenenet_projects.group_tenenet_helpdesk_manager,1,1,1,1
access_tenenet_helpdesk_mass_ticket_wizard_system,tenenet.helpdesk.mass.ticket.wizard.system,model_tenenet_helpdesk_mass_ticket_wizard,base.group_system,1,1,1,1
access_tenenet_helpdesk_subtask_user,tenenet.helpdesk.subtask.user,model_tenenet_helpdesk_subtask,tenenet_projects.group_tenenet_helpdesk_user,1,1,1,1
access_tenenet_helpdesk_subtask_manager,tenenet.helpdesk.subtask.manager,model_tenenet_helpdesk_subtask,tenenet_projects.group_tenenet_helpdesk_manager,1,1,1,1
access_tenenet_helpdesk_subtask_seen_user,tenenet.helpdesk.subtask.seen.user,model_tenenet_helpdesk_subtask_seen,tenenet_projects.group_tenenet_helpdesk_user,1,1,1,1
access_tenenet_helpdesk_subtask_seen_manager,tenenet.helpdesk.subtask.seen.manager,model_tenenet_helpdesk_subtask_seen,tenenet_projects.group_tenenet_helpdesk_manager,1,1,1,1
access_tenenet_helpdesk_subtask_seen_wizard_user,tenenet.helpdesk.subtask.seen.wizard.user,model_tenenet_helpdesk_subtask_seen_wizard,tenenet_projects.group_tenenet_helpdesk_user,1,1,1,1
access_tenenet_helpdesk_subtask_seen_wizard_manager,tenenet.helpdesk.subtask.seen.wizard.manager,model_tenenet_helpdesk_subtask_seen_wizard,tenenet_projects.group_tenenet_helpdesk_manager,1,1,1,1
access_tenenet_helpdesk_subtask_seen_wizard_line_user,tenenet.helpdesk.subtask.seen.wizard.line.user,model_tenenet_helpdesk_subtask_seen_wizard_line,tenenet_projects.group_tenenet_helpdesk_user,1,1,1,1
access_tenenet_helpdesk_subtask_seen_wizard_line_manager,tenenet.helpdesk.subtask.seen.wizard.line.manager,model_tenenet_helpdesk_subtask_seen_wizard_line,tenenet_projects.group_tenenet_helpdesk_manager,1,1,1,1
access_tenenet_project_contact_wizard_user,tenenet.project.contact.wizard.user,model_tenenet_project_contact_wizard,tenenet_projects.group_tenenet_user,1,0,0,0
access_tenenet_project_contact_wizard_manager,tenenet.project.contact.wizard.manager,model_tenenet_project_contact_wizard,tenenet_projects.group_tenenet_manager,1,1,1,1
access_account_report_tenenet_user,account.report.tenenet.user,account.model_account_report,tenenet_projects.group_tenenet_user,0,0,0,0
access_account_report_tenenet_manager,account.report.tenenet.manager,account.model_account_report,tenenet_projects.group_tenenet_manager,1,0,0,0
access_account_report_line_tenenet_user,account.report.line.tenenet.user,account.model_account_report_line,tenenet_projects.group_tenenet_user,0,0,0,0
access_account_report_line_tenenet_manager,account.report.line.tenenet.manager,account.model_account_report_line,tenenet_projects.group_tenenet_manager,1,0,0,0
access_account_report_expression_tenenet_user,account.report.expression.tenenet.user,account.model_account_report_expression,tenenet_projects.group_tenenet_user,0,0,0,0
access_account_report_expression_tenenet_manager,account.report.expression.tenenet.manager,account.model_account_report_expression,tenenet_projects.group_tenenet_manager,1,0,0,0
access_account_report_column_tenenet_user,account.report.column.tenenet.user,account.model_account_report_column,tenenet_projects.group_tenenet_user,0,0,0,0
access_account_report_column_tenenet_manager,account.report.column.tenenet.manager,account.model_account_report_column,tenenet_projects.group_tenenet_manager,1,0,0,0
access_account_return_type_tenenet_user,account.return.type.tenenet.user,account_reports.model_account_return_type,tenenet_projects.group_tenenet_user,0,0,0,0
access_account_return_type_tenenet_manager,account.return.type.tenenet.manager,account_reports.model_account_return_type,tenenet_projects.group_tenenet_manager,1,0,0,0
access_account_fiscal_year_tenenet_user,account.fiscal.year.tenenet.user,account_accountant.model_account_fiscal_year,tenenet_projects.group_tenenet_user,0,0,0,0
access_account_fiscal_year_tenenet_manager,account.fiscal.year.tenenet.manager,account_accountant.model_account_fiscal_year,tenenet_projects.group_tenenet_manager,1,0,0,0
access_account_report_horizontal_group_tenenet_user,account.report.horizontal.group.tenenet.user,account_reports.model_account_report_horizontal_group,tenenet_projects.group_tenenet_user,0,0,0,0
access_account_report_horizontal_group_tenenet_manager,account.report.horizontal.group.tenenet.manager,account_reports.model_account_report_horizontal_group,tenenet_projects.group_tenenet_manager,1,0,0,0
access_account_report_horizontal_group_rule_tenenet_user,account.report.horizontal.group.rule.tenenet.user,account_reports.model_account_report_horizontal_group_rule,tenenet_projects.group_tenenet_user,0,0,0,0
access_account_report_horizontal_group_rule_tenenet_manager,account.report.horizontal.group.rule.tenenet.manager,account_reports.model_account_report_horizontal_group_rule,tenenet_projects.group_tenenet_manager,1,0,0,0
access_tenenet_onboarding_task_template_user,tenenet.onboarding.task.template.user,model_tenenet_onboarding_task_template,tenenet_projects.group_tenenet_helpdesk_user,1,0,0,0
access_tenenet_onboarding_task_template_editor,tenenet.onboarding.task.template.editor,model_tenenet_onboarding_task_template,tenenet_projects.group_tenenet_helpdesk_editor,1,0,0,0
access_tenenet_onboarding_task_template_manager,tenenet.onboarding.task.template.manager,model_tenenet_onboarding_task_template,tenenet_projects.group_tenenet_helpdesk_manager,1,1,1,1
access_tenenet_onboarding_task_template_hr_manager,tenenet.onboarding.task.template.hr.manager,model_tenenet_onboarding_task_template,hr.group_hr_manager,1,1,1,1
access_tenenet_onboarding_task_template_system,tenenet.onboarding.task.template.system,model_tenenet_onboarding_task_template,base.group_system,1,1,1,1
access_tenenet_onboarding_user,tenenet.onboarding.user,model_tenenet_onboarding,tenenet_projects.group_tenenet_helpdesk_user,1,0,0,0
access_tenenet_onboarding_editor,tenenet.onboarding.editor,model_tenenet_onboarding,tenenet_projects.group_tenenet_helpdesk_editor,1,1,1,0
access_tenenet_onboarding_manager,tenenet.onboarding.manager,model_tenenet_onboarding,tenenet_projects.group_tenenet_helpdesk_manager,1,1,1,1
access_tenenet_onboarding_hr_manager,tenenet.onboarding.hr.manager,model_tenenet_onboarding,hr.group_hr_manager,1,1,1,1
access_tenenet_onboarding_system,tenenet.onboarding.system,model_tenenet_onboarding,base.group_system,1,1,1,1
access_tenenet_onboarding_task_user,tenenet.onboarding.task.user,model_tenenet_onboarding_task,tenenet_projects.group_tenenet_helpdesk_user,1,1,0,0
access_tenenet_onboarding_task_editor,tenenet.onboarding.task.editor,model_tenenet_onboarding_task,tenenet_projects.group_tenenet_helpdesk_editor,1,1,1,0
access_tenenet_onboarding_task_manager,tenenet.onboarding.task.manager,model_tenenet_onboarding_task,tenenet_projects.group_tenenet_helpdesk_manager,1,1,1,1
access_tenenet_onboarding_task_hr_manager,tenenet.onboarding.task.hr.manager,model_tenenet_onboarding_task,hr.group_hr_manager,1,1,1,1
access_tenenet_onboarding_task_system,tenenet.onboarding.task.system,model_tenenet_onboarding_task,base.group_system,1,1,1,1
